DATE,CPIEHOUSE
1982-12-01,100.0
1983-01-01,100.5
1983-02-01,100.6
1983-03-01,100.6
1983-04-01,101.1
1983-05-01,101.6
1983-06-01,102.0
1983-07-01,102.4
1983-08-01,102.6
1983-09-01,103.1
1983-10-01,103.2
1983-11-01,103.3
1983-12-01,103.4
1984-01-01,104.0
1984-02-01,104.7
1984-03-01,104.8
1984-04-01,105.3
1984-05-01,105.7
1984-06-01,106.1
1984-07-01,106.8
1984-08-01,107.2
1984-09-01,107.7
1984-10-01,107.7
1984-11-01,107.6
1984-12-01,107.8
1985-01-01,108.0
1985-02-01,108.5
1985-03-01,108.9
1985-04-01,109.3
1985-05-01,110.1
1985-06-01,110.7
1985-07-01,111.0
1985-08-01,111.4
1985-09-01,111.7
1985-10-01,111.9
1985-11-01,112.2
1985-12-01,112.5
1986-01-01,112.8
1986-02-01,112.6
1986-03-01,112.6
1986-04-01,113.0
1986-05-01,113.1
1986-06-01,113.8
1986-07-01,113.9
1986-08-01,114.1
1986-09-01,114.5
1986-10-01,114.3
1986-11-01,114.0
1986-12-01,114.1
1987-01-01,114.7
1987-02-01,115.2
1987-03-01,115.7
1987-04-01,116.1
1987-05-01,116.6
1987-06-01,117.3
1987-07-01,117.7
1987-08-01,118.5
1987-09-01,118.6
1987-10-01,118.6
1987-11-01,118.6
1987-12-01,118.7
1988-01-01,119.5
1988-02-01,119.9
1988-03-01,120.5
1988-04-01,120.8
1988-05-01,121.2
1988-06-01,122.0
1988-07-01,122.5
1988-08-01,123.1
1988-09-01,123.3
1988-10-01,123.3
1988-11-01,123.4
1988-12-01,123.7
1989-01-01,124.3
1989-02-01,124.7
1989-03-01,125.4
1989-04-01,125.6
1989-05-01,126.1
1989-06-01,126.9
1989-07-01,128.0
1989-08-01,128.4
1989-09-01,128.5
1989-10-01,128.9
1989-11-01,129.2
1989-12-01,129.6
1990-01-01,130.9
1990-02-01,131.0
1990-03-01,131.8
1990-04-01,131.7
1990-05-01,132.0
1990-06-01,133.2
1990-07-01,134.3
1990-08-01,135.6
1990-09-01,135.8
1990-10-01,136.1
1990-11-01,136.0
1990-12-01,136.1
1991-01-01,137.6
1991-02-01,138.2
1991-03-01,138.5
1991-04-01,138.1
1991-05-01,138.3
1991-06-01,139.0
1991-07-01,139.9
1991-08-01,140.3
1991-09-01,140.3
1991-10-01,140.3
1991-11-01,140.4
1991-12-01,140.8
1992-01-01,141.7
1992-02-01,142.2
1992-03-01,142.7
1992-04-01,142.5
1992-05-01,142.6
1992-06-01,143.5
1992-07-01,144.3
1992-08-01,144.7
1992-09-01,144.3
1992-10-01,144.5
1992-11-01,144.4
1992-12-01,144.5
1993-01-01,145.4
1993-02-01,145.9
1993-03-01,146.5
1993-04-01,146.7
1993-05-01,146.8
1993-06-01,147.8
1993-07-01,148.2
1993-08-01,148.6
1993-09-01,148.5
1993-10-01,148.4
1993-11-01,148.2
1993-12-01,148.6
1994-01-01,149.4
1994-02-01,150.4
1994-03-01,150.8
1994-04-01,150.5
1994-05-01,150.7
1994-06-01,151.5
1994-07-01,152.0
1994-08-01,152.6
1994-09-01,152.3
1994-10-01,152.3
1994-11-01,152.1
1994-12-01,151.9
1995-01-01,153.2
1995-02-01,153.9
1995-03-01,154.4
1995-04-01,154.6
1995-05-01,154.7
1995-06-01,155.6
1995-07-01,156.4
1995-08-01,156.8
1995-09-01,156.6
1995-10-01,156.7
1995-11-01,156.5
1995-12-01,156.7
1996-01-01,158.0
1996-02-01,158.8
1996-03-01,159.4
1996-04-01,159.4
1996-05-01,159.6
1996-06-01,160.2
1996-07-01,161.3
1996-08-01,161.7
1996-09-01,161.3
1996-10-01,161.5
1996-11-01,161.4
1996-12-01,161.6
1997-01-01,162.9
1997-02-01,163.8
1997-03-01,164.1
1997-04-01,163.9
1997-05-01,163.7
1997-06-01,164.8
1997-07-01,165.6
1997-08-01,165.7
1997-09-01,165.4
1997-10-01,165.6
1997-11-01,165.6
1997-12-01,165.6
1998-01-01,166.3
1998-02-01,166.9
1998-03-01,167.3
1998-04-01,167.6
1998-05-01,167.7
1998-06-01,168.6
1998-07-01,169.3
1998-08-01,169.6
1998-09-01,169.5
1998-10-01,169.4
1998-11-01,169.3
1998-12-01,169.2
1999-01-01,169.8
1999-02-01,170.4
1999-03-01,171.0
1999-04-01,171.3
1999-05-01,171.4
1999-06-01,172.5
1999-07-01,173.2
1999-08-01,173.5
1999-09-01,173.7
1999-10-01,173.4
1999-11-01,173.3
1999-12-01,173.2
2000-01-01,174.4
2000-02-01,175.9
2000-03-01,176.6
2000-04-01,176.7
2000-05-01,176.8
2000-06-01,178.6
2000-07-01,179.6
2000-08-01,179.9
2000-09-01,180.3
2000-10-01,180.6
2000-11-01,180.5
2000-12-01,180.7
2001-01-01,183.1
2001-02-01,183.9
2001-03-01,184.7
2001-04-01,184.6
2001-05-01,185.1
2001-06-01,186.6
2001-07-01,186.8
2001-08-01,187.2
2001-09-01,186.4
2001-10-01,185.6
2001-11-01,185.7
2001-12-01,185.5
2002-01-01,186.5
2002-02-01,187.6
2002-03-01,188.4
2002-04-01,188.7
2002-05-01,188.9
2002-06-01,190.0
2002-07-01,190.5
2002-08-01,191.0
2002-09-01,190.7
2002-10-01,190.7
2002-11-01,190.5
2002-12-01,190.3
2003-01-01,191.6
2003-02-01,192.8
2003-03-01,194.1
2003-04-01,193.7
2003-05-01,194.1
2003-06-01,194.9
2003-07-01,195.7
2003-08-01,195.8
2003-09-01,195.4
2003-10-01,195.5
2003-11-01,194.7
2003-12-01,194.7
2004-01-01,196.2
2004-02-01,197.0
2004-03-01,198.5
2004-04-01,199.2
2004-05-01,199.6
2004-06-01,201.3
2004-07-01,202.1
2004-08-01,202.4
2004-09-01,201.9
2004-10-01,201.9
2004-11-01,201.4
2004-12-01,201.2
2005-01-01,202.5
2005-02-01,203.8
2005-03-01,206.1
2005-04-01,206.3
2005-05-01,205.9
2005-06-01,207.1
2005-07-01,208.6
2005-08-01,208.8
2005-09-01,208.3
2005-10-01,210.3
2005-11-01,210.1
2005-12-01,209.6
2006-01-01,211.5
2006-02-01,212.1
2006-03-01,213.0
2006-04-01,213.4
2006-05-01,213.9
2006-06-01,215.4
2006-07-01,216.4
2006-08-01,217.0
2006-09-01,216.8
2006-10-01,216.2
2006-11-01,216.3
2006-12-01,216.5
2007-01-01,218.093
2007-02-01,219.364
2007-03-01,220.385
2007-04-01,220.999
2007-05-01,221.235
2007-06-01,223.014
2007-07-01,223.668
2007-08-01,223.522
2007-09-01,223.200
2007-10-01,223.104
2007-11-01,223.194
2007-12-01,223.368
2008-01-01,224.930
2008-02-01,225.998
2008-03-01,227.851
2008-04-01,228.246
2008-05-01,229.118
2008-06-01,231.403
2008-07-01,233.331
2008-08-01,232.549
2008-09-01,231.128
2008-10-01,230.080
2008-11-01,228.745
2008-12-01,228.067
2009-01-01,229.176
2009-02-01,229.552
2009-03-01,229.924
2009-04-01,229.531
2009-05-01,229.153
2009-06-01,230.390
2009-07-01,230.537
2009-08-01,230.111
2009-09-01,229.265
2009-10-01,228.806
2009-11-01,227.715
2009-12-01,227.369
2010-01-01,227.846
2010-02-01,227.756
2010-03-01,227.917
2010-04-01,227.752
2010-05-01,227.915
2010-06-01,228.615
2010-07-01,228.938
2010-08-01,228.866
2010-09-01,228.487
2010-10-01,228.074
2010-11-01,227.738
2010-12-01,228.120
2011-01-01,228.802
2011-02-01,229.383
2011-03-01,229.885
2011-04-01,230.091
2011-05-01,230.683
2011-06-01,231.720
2011-07-01,232.396
2011-08-01,232.653
2011-09-01,232.676
2011-10-01,232.302
2011-11-01,232.135
2011-12-01,232.294
2012-01-01,232.965
2012-02-01,233.252
2012-03-01,233.694
2012-04-01,233.935
2012-05-01,234.161
2012-06-01,235.221
2012-07-01,235.553
2012-08-01,235.975
2012-09-01,236.222
2012-10-01,236.020
2012-11-01,236.170
2012-12-01,236.399
2013-01-01,237.139
2013-02-01,237.754
2013-03-01,237.998
2013-04-01,238.319
2013-05-01,239.202
2013-06-01,240.424
2013-07-01,240.794
2013-08-01,240.950
2013-09-01,241.225
2013-10-01,240.807
2013-11-01,240.976
2013-12-01,241.479
2014-01-01,242.961
2014-02-01,243.657
2014-03-01,244.730
2014-04-01,244.444
2014-05-01,245.513
2014-06-01,246.649
2014-07-01,247.257
2014-08-01,247.365
2014-09-01,247.455
2014-10-01,247.269
2014-11-01,247.156
2014-12-01,247.439
2015-01-01,248.288
2015-02-01,248.867
2015-03-01,249.337
2015-04-01,249.725
2015-05-01,250.161
2015-06-01,251.682
2015-07-01,252.192
2015-08-01,252.400
2015-09-01,252.715
2015-10-01,252.548
2015-11-01,252.519
2015-12-01,252.710
2016-01-01,253.625
2016-02-01,254.278
2016-03-01,254.755
2016-04-01,255.064
2016-05-01,256.163
2016-06-01,257.698
2016-07-01,258.399
2016-08-01,259.011
2016-09-01,259.676
2016-10-01,259.822
2016-11-01,259.885
2016-12-01,260.459
2017-01-01,261.654
2017-02-01,262.509
2017-03-01,262.794
2017-04-01,263.328
2017-05-01,264.176
2017-06-01,265.42
2017-07-01,265.684
2017-08-01,266.442
2017-09-01,266.838
2017-10-01,267.063
2017-11-01,267.116
2017-12-01,267.79
2018-01-01,268.912
2018-02-01,269.806
2018-03-01,270.599
2018-04-01,271.182
2018-05-01,272.095
2018-06-01,272.906
2018-07-01,273.54
2018-08-01,274.222
2018-09-01,274.251
2018-10-01,274.627
2018-11-01,274.846
2018-12-01,275.752
2019-01-01,276.738
2019-02-01,277.531
2019-03-01,278.353
2019-04-01,278.949
2019-05-01,279.626
2019-06-01,281.046
2019-07-01,281.683
2019-08-01,281.853
2019-09-01,282.343
2019-10-01,282.438
2019-11-01,282.701
2019-12-01,283.014
2020-01-01,284.245
2020-02-01,285.084
2020-03-01,285.044
2020-04-01,284.946
2020-05-01,285.594
2020-06-01,286.63
2020-07-01,287.259
2020-08-01,287.653
2020-09-01,287.932
2020-10-01,287.87
2020-11-01,288.15
2020-12-01,288.629
2021-01-01,289.354
2021-02-01,290.235
2021-03-01,291.182
2021-04-01,292.451
2021-05-01,293.991
2021-06-01,295.769
2021-07-01,297.07
2021-08-01,297.873
2021-09-01,299.332
2021-10-01,301.038
2021-11-01,302.162
2021-12-01,303.339
2022-01-01,305.662
2022-02-01,307.336
2022-03-01,309.467
2022-04-01,311.133
2022-05-01,313.939
2022-06-01,317.101
2022-07-01,318.529
2022-08-01,320.808
2022-09-01,322.979
2022-10-01,324.476
2022-11-01,325.493
2022-12-01,327.6
2023-01-01,330.768
2023-02-01,332.944
2023-03-01,333.901
2023-04-01,334.785
2023-05-01,335.706
2023-06-01,337.554
2023-07-01,338.703
2023-08-01,339.847
2023-09-01,341.692
2023-10-01,342.088
